@@,name
+++,Zemfira Mirzoeva
+++,Zaruhi Batoyan
+++,Yelena Kirakosyan
+++,Vladimir Vardanyan
+++,Vilen Gabrielyan
+++,Vigen Khachatryan
+++,Vahe Hakobyan
+++,Vahagn Hovakimyan
+++,Vahagn Aleksanyan
+++,Vagharshak Hakobyan
+++,Tsovinar Vardanyan
+++,Trdat Sargsyan
+++,Tigran Abrahamyan
+++,Tatevik Gasparyan
+++,Taron Margaryan
+++,Taguhi Tovmasyan
+++,Taguhi Ghazaryan
+++,Tadevos Avetisyan
+++,Sona Ghazaryan
+++,Sisak Gabrielyan
+++,Shirak Torosyan
+++,Seyran Ohanyan
+++,Sergey Movsisyan
+++,Sergey Bagratyan
+++,Sedrak Tevonyan
+++,Sargis Khandanyan
+++,Rustam Bakoyan
+++,Ruben Rubinyan
+++,Nazeli Baghdasaryan
+++,Narek Zeynalyan
+++,Narek Grigoryan
+++,Narek Ghahramanyan
+++,Narek Babayan
+++,Mkhitar Zakaryan
+++,Meri Galstyan
+++,Matevos Asatryan
+++,Marina Ghazaryan
+++,Mariam Poghosyan
+++,Maria Karapetyan
+++,Lusine Badalyan
+++,Lilit Stepanyan
+++,Lilit Minasyan
+++,Lilit Galstyan
+++,Lena Nazaryan
+++,Kristine Vardanyan
+++,Kristine Poghosyan
+++,Knyaz Hasanov
+++,Khachatur Sukiasyan
+++,Karen Hambardzumyan
+++,Ishkhan Zakaryan
+++,Ishkhan Saghatelyan
+++,Hripsime Stambulyan
+++,Hripsime Hunanyan
+++,Hripsime Grigoryan
+++,Hrachya Hakobyan
+++,Hovik Aghazaryan
+++,Heriknaz Tigranyan
+++,Hayk Tsirunyan
+++,Hayk Sargsyan
+++,Hayk Mamijanyan
+++,Hayk Konjoryan
+++,Hasmik Hakobyan
+++,Hakob Aslanyan
+++,Hakob Arshakyan
+++,Gurgen Melkonyan
+++,Gurgen Arsenyan
+++,Gevorg Papoyan
+++,Gegham Nazaryan
+++,Gegham Manukyan
+++,Emma Palyan
+++,Elinar Vardanyan
+++,Eduard Aghajanyan
+++,Davit Sedrakyan
+++,Davit Danielyan
+++,Babken Tunyan
+++,Ashot Simonyan
+++,Arusyak Manavazyan
+++,Arusyak Julhakyan
+++,Artur Vanetsyan
+++,Artur Sargsyan
+++,Artur Khachatryan
+++,Artur Hovhannisyan
+++,Artur Ghazinyan
+++,Artur Davtyan
+++,Artsvik Minasyan
+++,Arsen Torosyan
+++,Arpine Davoyan
+++,Armenuhi Kyureghyan
+++,Armen Rustamyan
+++,Armen Khachatryan
+++,Armen Gevorgyan
+++,Armen Charchyan
+++,Arman Yeghoyan
+++,Aren Mkrtchyan
+++,Aregnaz Manukyan
+++,Aram Vardevanyan
+++,Anush Begloian
+++,Anna Mkrtchyan
+++,Anna Grigoryan
+++,Andranik Tevanyan
+++,Andranik Kocharyan
+++,Alkhas Ghazaryan
+++,Alen Simonyan
+++,Aleksey Sandikov
+++,Agnesa Khamoyan
+++,Aghvan Vardanyan
