item,name
Q60665863,Ալեքսեյ Սանդիկով
Q61105804,Անդրանիկ Քոչարյան
Q63538306,Անուշ Բեղլոյան
Q60421069,Արեն Մկրտչյան
Q64846084,Արթուր Դավթյան
Q20511355,Արթուր Հովհաննիսյան
Q63246520,Արման Եղոյան
Q63242143,Արմեն Խաչատրյան
Q63568489,Արուսյակ Ջուլհակյան
Q61865865,Արտակ Մանուկյան
Q60421274,Արփինե Դավոյան
Q61105798,Բաբկեն Թունյան
Q63433373,Գևորգ Պապոյան
Q61590701,Թագուհի Ղազարյան
Q30195988,Լենա Նազարյան
Q64846124,Լիլիթ Ստեփանյան
Q58806349,Լուսինե Բադալյան
Q63215671,Ծովինար Վարդանյան
Q56027491,Կարեն Համբարձումյան
Q30131111,Կնյազ Հասանով
Q49475735,Հայկ Կոնջորյան
Q64846090,Հայկ Սարգսյան
Q64846126,Հերիքնազ Տիգրանյան
Q59351515,Հովիկ Աղազարյան
Q64846128,Հռիփսիմե Գրիգորյան
Q60436143,Հրաչյա Հակոբյան
Q61754920,Մաթևոս Ասատրյան
Q64846131,Մարիա Կարապետյան
Q61774810,Մերի Գալստյան
Q64846145,Նազելի Բաղդասարյան
Q64846115,Նարեկ Զեյնալյան
Q4461260,Շիրակ Թորոսյան
Q59103045,Ռուբեն Ռուբինյան
Q60666279,Ռուստամ Բակոյան
Q63762700,Սարգիս Խանդանյան
Q64846149,Սեդրակ Թևոնյան
Q61105723,Սերգեյ Մովսիսյան
Q64846150,Սիսակ Գաբրիելյան
"",Սոնա Ղազարյան
Q60435455,Վահագն Հովակիմյան
Q54861572,Վահե Ղալումյան
Q63892216,Վաղարշակ Հակոբյան
Q107767288,Նարեկ Գրիգորյան
Q65665479,Վլադիմիր Վարդանյան
Q64691639,Տաթևիկ Գասպարյան
Q64846168,Քրիստինե Պողոսյան
Q107740652,Ագնեսա Խամոյան
Q4294018,Արծվիկ Մինասյան
Q53563342,Արթուր Խաչատրյան
Q4132813,Լիլիթ Գալստյան
Q107987058,Թադևոս Ավետիսյան
Q106926931,Աննա Գրիգորյան
Q4134664,Արմեն Գևորգյան
,Մխիթար Զաքարյան
,Ելենա Կիրակոսյան
Q31196619,Արմենուհի Կյուրեղյան
Q86325690,Արթուր Ղազինյան
Q2634821,Սեյրան Օհանյան
Q107741735,Արամ Վարդևանյան
Q4401104,Արմեն Ռուստամյան
"",Արմեն Չարչյան
Q54988246,Իշխան Սաղաթելյան
Q4103707,Աղվան Վարդանյան
,Հռիփսիմե Ստամբուլյան
,Քրիստինե Վարդանյան
Q20511000,Էլինար Վարդանյան
Q55104089,Աշոտ Սիմոնյան
Q53226857,Արթուր Վանեցյան
Q64846123,Թագուհի Թովմասյան
Q3515771,Տարոն Մարգարյան
Q4184637,Իշխան Զաքարյան
Q107873597,Հայկ Մամիջանյան
,Աննա Մկրտչյան
Q107920257,Տիգրան Աբրահամյան
